{"spdxVersion":"SPDX-2.3","dataLicense":"CC0-1.0","SPDXID":"SPDXRef-DOCUMENT","name":"/tmp/tmp.52PASz34k7/costpilot-1.0.0-linux-x64","documentNamespace":"https://anchore.com/syft/dir/tmp/tmp.52PASz34k7/costpilot-1.0.0-linux-x64-6dcd78fb-a38a-40f7-9afa-8ecf3bc7e0b4","creationInfo":{"licenseListVersion":"3.25","creators":["Organization: Anchore, Inc","Tool: syft-1.20.0"],"created":"2025-12-11T19:15:33Z"},"packages":[{"name":"/tmp/tmp.52PASz34k7/costpilot-1.0.0-linux-x64","SPDXID":"SPDXRef-DocumentRoot-Directory--tmp-tmp.52PASz34k7-costpilot-1.0.0-linux-x64","supplier":"NOASSERTION","downloadLocation":"NOASSERTION","filesAnalyzed":false,"licenseConcluded":"NOASSERTION","licenseDeclared":"NOASSERTION","copyrightText":"NOASSERTION","primaryPackagePurpose":"FILE"}],"relationships":[{"spdxElementId":"SPDXRef-DOCUMENT","relatedSpdxElement":"SPDXRef-DocumentRoot-Directory--tmp-tmp.52PASz34k7-costpilot-1.0.0-linux-x64","relationshipType":"DESCRIBES"}]}
