{
  "version": "1.0",
  "snapshots": [
    {
      "id": "20251201-143022-5432",
      "timestamp": "2025-12-01T14:30:22Z",
      "commit_hash": "a1b2c3d4e5f6",
      "branch": "main",
      "total_monthly_cost": 1245.67,
      "modules": {
        "module.vpc": {
          "name": "module.vpc",
          "monthly_cost": 450.00,
          "resource_count": 15
        },
        "module.app": {
          "name": "module.app",
          "monthly_cost": 600.50,
          "resource_count": 25
        },
        "root": {
          "name": "root",
          "monthly_cost": 195.17,
          "resource_count": 8
        }
      },
      "services": {
        "NAT Gateway": 324.00,
        "EC2": 456.50,
        "S3": 89.67,
        "Lambda": 125.50,
        "DynamoDB": 250.00
      },
      "regressions": [],
      "slo_violations": [],
      "metadata": {
        "triggered_by": "github-actions",
        "ci_run_id": "12345678",
        "pr_number": 42,
        "environment": "production"
      }
    },
    {
      "id": "20251202-094515-7821",
      "timestamp": "2025-12-02T09:45:15Z",
      "commit_hash": "b2c3d4e5f6g7",
      "branch": "main",
      "total_monthly_cost": 1389.45,
      "modules": {
        "module.vpc": {
          "name": "module.vpc",
          "monthly_cost": 450.00,
          "resource_count": 15,
          "change_from_previous": 0.0,
          "change_percent": 0.0
        },
        "module.app": {
          "name": "module.app",
          "monthly_cost": 733.28,
          "resource_count": 28,
          "change_from_previous": 132.78,
          "change_percent": 22.1
        },
        "root": {
          "name": "root",
          "monthly_cost": 206.17,
          "resource_count": 9,
          "change_from_previous": 11.0,
          "change_percent": 5.6
        }
      },
      "services": {
        "NAT Gateway": 324.00,
        "EC2": 589.28,
        "S3": 89.67,
        "Lambda": 136.50,
        "DynamoDB": 250.00
      },
      "regressions": [
        {
          "regression_type": "cost_increase",
          "affected": "module.app",
          "baseline_cost": 600.50,
          "current_cost": 733.28,
          "increase_amount": 132.78,
          "increase_percent": 22.1,
          "severity": "MEDIUM"
        }
      ],
      "slo_violations": [],
      "metadata": {
        "triggered_by": "github-actions",
        "ci_run_id": "12345679",
        "pr_number": 43,
        "environment": "production"
      }
    },
    {
      "id": "20251203-163044-3298",
      "timestamp": "2025-12-03T16:30:44Z",
      "commit_hash": "c3d4e5f6g7h8",
      "branch": "main",
      "total_monthly_cost": 1425.89,
      "modules": {
        "module.vpc": {
          "name": "module.vpc",
          "monthly_cost": 450.00,
          "resource_count": 15,
          "change_from_previous": 0.0,
          "change_percent": 0.0
        },
        "module.app": {
          "name": "module.app",
          "monthly_cost": 769.72,
          "resource_count": 30,
          "change_from_previous": 36.44,
          "change_percent": 5.0
        },
        "root": {
          "name": "root",
          "monthly_cost": 206.17,
          "resource_count": 9,
          "change_from_previous": 0.0,
          "change_percent": 0.0
        }
      },
      "services": {
        "NAT Gateway": 324.00,
        "EC2": 625.72,
        "S3": 89.67,
        "Lambda": 136.50,
        "DynamoDB": 250.00
      },
      "regressions": [],
      "slo_violations": [
        {
          "slo_name": "module_cost_limit",
          "affected": "module.app",
          "limit": 750.0,
          "actual": 769.72,
          "severity": "HIGH"
        }
      ],
      "metadata": {
        "triggered_by": "github-actions",
        "ci_run_id": "12345680",
        "environment": "production"
      }
    }
  ],
  "config": {
    "max_snapshots": 100,
    "regression_threshold_percent": 10.0,
    "enable_rotation": true,
    "retention_days": 90
  }
}
